id;usertype;first_name;middle_name;last_name;name;email;display_name;logo;telephone;contact_persion;mobile;address;street_address;county;country;pin_number
1;INDIVIDUAL;Orval;Savings Account Dam;Bradtke;Trace;Lazaro_Conroy2@yahoo.com;Producer;Implementation Electronics Officer;365-040-2563 x1029;Multi-channelled Licensed;grey Cambridgeshire;Canyon HDD;Table Small Frozen Sausages Planner;envisioneer Music Public-key;Dominica;44015
2;INDIVIDUAL;Sylvia;Digitized invoice;Hagenes;Costa Rica Mayotte;Alexandrea_Wisozk44@gmail.com;e-enable Communications capacitor;Awesome;509.383.7258;compelling mission-critical;bifurcated scalable;Small;deliverables reinvent 24 hour;overriding;Pitcairn Islands;71134
3;INDIVIDUAL;Mac;Internal;Stanton;Highway Ergonomic;Elvera66@yahoo.com;New York tangible Mississippi;Frozen bus;752.724.0574 x1041;Outdoors;Harbor Montana;Corporate Phased relationships;white Brand Money Market Account;Salad Web virtual;New Caledonia;10549
4;COMPANY;Shaun;projection Fresh;Hermann;Direct;Danny.OConnell@gmail.com;cutting-edge ability Hat;supply-chains magenta;1-232-913-2557;robust Engineer;Exclusive Moroccan Dirham card;zero tolerance;mission-critical;Berkshire Small Plastic Pants Investor;Dominica;68070
5;INDIVIDUAL;Isai;Dominican Republic Credit Card Account Handmade;Hills;Re-contextualized;Fredy_Koss@hotmail.com;deliver bypassing;hacking installation magenta;853-620-7582;deposit Sausages;disintermediate Cambridgeshire hacking;bricks-and-clicks Concrete Global;Fiji Dollar Profound Bacon;Macao Equatorial Guinea Vision-oriented;Benin;96541
6;INDIVIDUAL;Duncan;Saint Helena Pound programming;Steuber;drive THX bypassing;Carolyne_Schaden60@hotmail.com;Tools Unbranded;Supervisor clear-thinking;1-546-469-2170;Bedfordshire;navigate;program alarm;Nevada;Berkshire;New Zealand;26520
7;INDIVIDUAL;Watson;target Human withdrawal;Schimmel;Borders North Dakota;Salvatore72@yahoo.com;local Shoes;Intelligent Frozen Sausages Villages;(983) 709-9345;Wisconsin Facilitator Incredible;reinvent;eco-centric Bedfordshire mesh;Configuration UIC-Franc;Ergonomic Concrete Soap Zambian Kwacha;Guernsey;14008
8;COMPANY;Serenity;program;Predovic;Sudanese Pound;Kattie80@yahoo.com;open-source HDD;Sleek Beauty Auto Loan Account;607.370.8830;California interfaces;Garden Dale Wallis and Futuna;generating;Computers Small Fresh Gloves back-end;interface;South Georgia and the South Sandwich Islands;76999
9;INDIVIDUAL;Lina;Refined Intelligent Granite Shirt;Lindgren;deposit panel Strategist;Michael79@yahoo.com;global mindshare;Ameliorated;908.466.4019;ROI;Benin;Tuna Response invoice;alarm Jamaica;system Gorgeous Rubber Pants;Cape Verde;75784
10;COMPANY;Bettye;Ergonomic Steel Gloves;Steuber;Colombian Peso Unidad de Valor Real Bridge Handmade;Rae.Kozey@yahoo.com;systems integrate;Web HTTP;(306) 955-8566;Checking Account;invoice Outdoors New York;multi-byte Jamaican Dollar North Carolina;Station;parsing Investment Account;Somalia;96119
